{
  "posts": [
    {
      "id": 1,
      "title": "json-server",
      "author": "typicode"
    },
    {
      "id": 2
    },
    {
      "id": 3
    }
  ],
  "comments": [
    {
      "id": 1,
      "body": "some comment",
      "postId": 1
    }
  ],
  "user": [
    {
      "id": 1,
      "email": "shahbeesou@gmail.com",
      "password": "1234"
    },
    {
      "email": "",
      "password": "",
      "id": 2
    },
    {
      "email": "",
      "password": "",
      "id": 3
    },
    {
      "email": "",
      "password": "",
      "id": 4
    }
  ],
  "login": [
    {
      "id": 1,
      "email": "shahbeesou@gmail.com",
      "password": "1234"
    },
    {
      "email": "",
      "password": "",
      "id": 2
    },
    {
      "email": "",
      "password": "",
      "id": 3
    },
    {
      "email": "",
      "password": "",
      "id": 4
    },
    {
      "email": "",
      "password": "",
      "credentials": "include",
      "id": 5
    },
    {
      "email": "beesou",
      "password": "",
      "credentials": "include",
      "id": 6
    }
  ]
}