{
	"info": {
		"_postman_id": "cb076f2f-08b7-4436-8d0d-609c0533e271",
		"name": "Ecommerce",
		"schema": "https://schema.getpostman.com/json/collection/v2.1.0/collection.json",
		"_exporter_id": "23386993"
	},
	"item": [
		{
			"name": "Inventory",
			"item": [
				{
					"name": "Supply",
					"item": [
						{
							"name": "getSupply",
							"request": {
								"method": "GET",
								"header": [],
								"url": {
									"raw": "http://127.0.0.1:8000/api/supply/",
									"protocol": "http",
									"host": [
										"127",
										"0",
										"0",
										"1"
									],
									"port": "8000",
									"path": [
										"api",
										"supply",
										""
									]
								}
							},
							"response": []
						},
						{
							"name": "PutSupply",
							"request": {
								"method": "PUT",
								"header": [],
								"body": {
									"mode": "raw",
									"raw": " {\r\n        \"product_name\": \"on1234\",\r\n        \"price\": 12,\r\n        \"unit\": \"kg\",\r\n        \"unit_value\": 2,\r\n        \"supplier\":  {\r\n            \"name\": \"Saugat Poudel\",\r\n            \"email\": \"prakashtha617@yahoo.com\",\r\n            \"address\": \"Jorpati,Kathmandu\"\r\n        }\r\n    }",
									"options": {
										"raw": {
											"language": "json"
										}
									}
								},
								"url": {
									"raw": "http://127.0.0.1:8000/api/supply/27/",
									"protocol": "http",
									"host": [
										"127",
										"0",
										"0",
										"1"
									],
									"port": "8000",
									"path": [
										"api",
										"supply",
										"27",
										""
									]
								}
							},
							"response": []
						},
						{
							"name": "PostSupply",
							"request": {
								"method": "POST",
								"header": [],
								"url": {
									"raw": "http://127.0.0.1:8000/api/supply/",
									"protocol": "http",
									"host": [
										"127",
										"0",
										"0",
										"1"
									],
									"port": "8000",
									"path": [
										"api",
										"supply",
										""
									]
								}
							},
							"response": []
						}
					]
				},
				{
					"name": "Supplier",
					"item": [
						{
							"name": "GetSupplier",
							"request": {
								"method": "GET",
								"header": [],
								"url": {
									"raw": "http://127.0.0.1:8000/api/supplier/",
									"protocol": "http",
									"host": [
										"127",
										"0",
										"0",
										"1"
									],
									"port": "8000",
									"path": [
										"api",
										"supplier",
										""
									]
								}
							},
							"response": []
						},
						{
							"name": "PostSupplier",
							"request": {
								"method": "POST",
								"header": [],
								"body": {
									"mode": "raw",
									"raw": "{\r\n        \"name\": \"superm6adn Thapa\",\r\n        \"contact\": \"9741\",\r\n        \"email\": \"superd6bansg617@gmail.com\",\r\n        \"address\": \"Jorpati,Kathmandu\",\r\n        \"supply\":{}\r\n       \r\n}",
									"options": {
										"raw": {
											"language": "json"
										}
									}
								},
								"url": {
									"raw": "http://127.0.0.1:8000/api/supplier/",
									"protocol": "http",
									"host": [
										"127",
										"0",
										"0",
										"1"
									],
									"port": "8000",
									"path": [
										"api",
										"supplier",
										""
									]
								}
							},
							"response": []
						}
					]
				},
				{
					"name": "PostSupplierSupply",
					"request": {
						"method": "POST",
						"header": [],
						"body": {
							"mode": "raw",
							"raw": "",
							"options": {
								"raw": {
									"language": "json"
								}
							}
						},
						"url": {
							"raw": "http://127.0.0.1:8000/api/supplier-supply/",
							"protocol": "http",
							"host": [
								"127",
								"0",
								"0",
								"1"
							],
							"port": "8000",
							"path": [
								"api",
								"supplier-supply",
								""
							]
						}
					},
					"response": []
				},
				{
					"name": "GetSupplierSupply",
					"request": {
						"method": "GET",
						"header": [],
						"url": {
							"raw": "http://127.0.0.1:8000/api/supplier-supply/",
							"protocol": "http",
							"host": [
								"127",
								"0",
								"0",
								"1"
							],
							"port": "8000",
							"path": [
								"api",
								"supplier-supply",
								""
							]
						}
					},
					"response": []
				}
			]
		},
		{
			"name": "Ecom",
			"item": [
				{
					"name": "Product",
					"item": [
						{
							"name": "getProducts",
							"request": {
								"auth": {
									"type": "noauth"
								},
								"method": "GET",
								"header": [],
								"url": {
									"raw": "http://127.0.0.1:8000/api/product/",
									"protocol": "http",
									"host": [
										"127",
										"0",
										"0",
										"1"
									],
									"port": "8000",
									"path": [
										"api",
										"product",
										""
									]
								}
							},
							"response": []
						},
						{
							"name": "postProducts",
							"request": {
								"method": "POST",
								"header": [],
								"body": {
									"mode": "raw",
									"raw": "{\r\n     \r\n        \"product_category\": \"Computer\",\r\n     \r\n        \"SKU\": \"93\",\r\n        \"name\": \"Cocophan\",\r\n        \"regular_price\": 2.0,\r\n        \"sell_price\": 33.0,\r\n        \"main_image\": \"https://www.shutterstock.com/image-photo/surreal-image-african-elephant-wearing-260nw-1365289022.jpg\",\r\n        \"image_gallery\": {\r\n            \"image_gallery\": {\r\n                \"kkk\": \"jkjkj\"\r\n            }\r\n        },\r\n        \"stock_status\": \"IS\",\r\n        \"description\": \"sds\",\r\n        \"purchase_note\": \"fdsa\",\r\n        \"minimum_order_limit\": 22,\r\n        \"stock_quentity\": 2,\r\n        \"isVisible\": true,\r\n        \"views_count\": 2,\r\n        \"product_type\": \"sp\",\r\n        \"product_attribute_data\": {},\r\n        \"isAffiliate\": true,\r\n        \"product_discounted_price\": 33.0,\r\n        \"codes\": {},\r\n        \"product_link\": \"https://www.shutterstock.com/image-photo/surreal-image-african-elephant-wearing-260nw-1365289022.jpg\",\r\n        \"data_published\": \"2022-12-04\",\r\n        \"date_modified\": \"2022-12-04\"\r\n    }",
									"options": {
										"raw": {
											"language": "json"
										}
									}
								},
								"url": {
									"raw": "http://127.0.0.1:8000/api/product/",
									"protocol": "http",
									"host": [
										"127",
										"0",
										"0",
										"1"
									],
									"port": "8000",
									"path": [
										"api",
										"product",
										""
									]
								}
							},
							"response": []
						},
						{
							"name": "updateProduct",
							"request": {
								"method": "PUT",
								"header": [],
								"body": {
									"mode": "raw",
									"raw": "{\r\n \r\n    \"product_category\": {\r\n        \r\n        \"category_name\": \"Elceerrewtrn\",\r\n        \"category_image\": \"https://www.shutterstock.com/image-photo/surreal-image-african-elephant-wearing-260nw-1365289022.jpg\"\r\n    },\r\n    \"uuid\": \"ff24999d-6bea-4603-aabc-60bcef17e8d0\",\r\n    \"SKU\": \"95\",\r\n    \"name\": \"Saugat Poul\",\r\n    \"regular_price\": 2.0,\r\n    \"sell_price\": 33.0,\r\n    \"main_image\": \"https://www.shutterstock.com/image-photo/surreal-image-african-elephant-wearing-260nw-1365289022.jpg\",\r\n    \"image_gallery\": {\r\n        \"image_gallery\": {\r\n            \"kkk\": \"jkjkj\"\r\n        }\r\n    },\r\n    \"stock_status\": \"IS\",\r\n    \"description\": \"sds\",\r\n    \"purchase_note\": \"fdsa\",\r\n    \"minimum_order_limit\": 22,\r\n    \"stock_quentity\": 2,\r\n    \"isVisible\": true,\r\n    \"views_count\": 2,\r\n    \"product_type\": \"sp\",\r\n    \"product_attribute_data\": {},\r\n    \"isAffiliate\": true,\r\n    \"product_discounted_price\": 33.0,\r\n    \"codes\": {},\r\n    \"product_link\": \"https://www.shutterstock.com/image-photo/surreal-image-african-elephant-wearing-260nw-1365289022.jpg\",\r\n    \"data_published\": \"2022-12-02\",\r\n    \"date_modified\": \"2022-12-02\"\r\n}",
									"options": {
										"raw": {
											"language": "json"
										}
									}
								},
								"url": {
									"raw": "http://127.0.0.1:8000/api/product/1/",
									"protocol": "http",
									"host": [
										"127",
										"0",
										"0",
										"1"
									],
									"port": "8000",
									"path": [
										"api",
										"product",
										"1",
										""
									]
								}
							},
							"response": []
						}
					]
				},
				{
					"name": "Catagories",
					"item": [
						{
							"name": "getProductCatagories",
							"request": {
								"method": "GET",
								"header": []
							},
							"response": []
						},
						{
							"name": "postProductCatagories",
							"request": {
								"method": "POST",
								"header": [],
								"url": {
									"raw": "http://127.0.0.1:8000/api/procuct/catogories/",
									"protocol": "http",
									"host": [
										"127",
										"0",
										"0",
										"1"
									],
									"port": "8000",
									"path": [
										"api",
										"procuct",
										"catogories",
										""
									]
								}
							},
							"response": []
						}
					]
				},
				{
					"name": "Tags",
					"item": [
						{
							"name": "getTags",
							"request": {
								"method": "GET",
								"header": [],
								"url": {
									"raw": "http://127.0.0.1:8000/api/tag/",
									"protocol": "http",
									"host": [
										"127",
										"0",
										"0",
										"1"
									],
									"port": "8000",
									"path": [
										"api",
										"tag",
										""
									]
								}
							},
							"response": []
						}
					]
				}
			]
		},
		{
			"name": "CustomUser",
			"item": [
				{
					"name": "User",
					"item": [
						{
							"name": "createUser",
							"request": {
								"method": "POST",
								"header": [],
								"body": {
									"mode": "raw",
									"raw": " {\r\n        \"password\": \"pbkdf2_sha256$320000$j7blq16DP2ItkGPqIJ7wNc$EH5cholls2exgFqsh6Ldu51AfgGRBAixpz9WqOMU4uU=\",\r\n        \"username\": \"admin\",\r\n        \"first_name\": \"\",\r\n        \"last_name\": \"\",\r\n        \"is_staff\": true,\r\n        \"date_of_birth\": null,\r\n        \"email\": \"\",\r\n        \"phone\": \"\",\r\n        \"address\": null,\r\n        \"secondary_email\": {\r\n            \"secondary_email\": []\r\n        },\r\n        \"is_active\": true\r\n    }",
									"options": {
										"raw": {
											"language": "json"
										}
									}
								},
								"url": {
									"raw": "http://127.0.0.1:8000/api/user/",
									"protocol": "http",
									"host": [
										"127",
										"0",
										"0",
										"1"
									],
									"port": "8000",
									"path": [
										"api",
										"user",
										""
									]
								}
							},
							"response": []
						},
						{
							"name": "getUser",
							"request": {
								"method": "GET",
								"header": []
							},
							"response": []
						},
						{
							"name": "login",
							"protocolProfileBehavior": {
								"disabledSystemHeaders": {}
							},
							"request": {
								"method": "POST",
								"header": [],
								"body": {
									"mode": "raw",
									"raw": "{\r\n    \"username\": \"a3233k\",\r\n    \"password\":\"1233\"\r\n}",
									"options": {
										"raw": {
											"language": "json"
										}
									}
								},
								"url": {
									"raw": "http://127.0.0.1:8000/api/login/",
									"protocol": "http",
									"host": [
										"127",
										"0",
										"0",
										"1"
									],
									"port": "8000",
									"path": [
										"api",
										"login",
										""
									]
								}
							},
							"response": []
						}
					]
				},
				{
					"name": "Staff",
					"item": [
						{
							"name": "getStaff",
							"request": {
								"method": "GET",
								"header": [],
								"url": {
									"raw": "http://127.0.0.1:8000/api/staff/register/",
									"protocol": "http",
									"host": [
										"127",
										"0",
										"0",
										"1"
									],
									"port": "8000",
									"path": [
										"api",
										"staff",
										"register",
										""
									]
								}
							},
							"response": []
						},
						{
							"name": "create Staff",
							"request": {
								"method": "POST",
								"header": []
							},
							"response": []
						}
					]
				}
			]
		},
		{
			"name": "getToken",
			"request": {
				"auth": {
					"type": "basic",
					"basic": [
						{
							"key": "password",
							"value": "admin",
							"type": "string"
						},
						{
							"key": "username",
							"value": "admin",
							"type": "string"
						}
					]
				},
				"method": "POST",
				"header": [
					{
						"key": "username",
						"value": "admin",
						"type": "text",
						"disabled": true
					},
					{
						"key": "password",
						"value": "admin",
						"type": "text",
						"disabled": true
					}
				],
				"body": {
					"mode": "raw",
					"raw": "{\r\n    \"username\":\"admin\",\r\n    \"password\":\"admin\"\r\n}",
					"options": {
						"raw": {
							"language": "json"
						}
					}
				},
				"url": {
					"raw": "http://127.0.0.1:8000/api/token/",
					"protocol": "http",
					"host": [
						"127",
						"0",
						"0",
						"1"
					],
					"port": "8000",
					"path": [
						"api",
						"token",
						""
					]
				}
			},
			"response": []
		}
	]
}